x,y,sum,runtime
1.0,4.0,5.0,0.40063560009002686
1.0,5.0,6.0,0.5002761000068858
1.0,6.0,7.0,0.6004939000122249
2.0,4.0,6.0,0.8006394000258297
2.0,5.0,7.0,1.0003408000338823
3.0,4.0,7.0,1.2002062000101432
